{"errors":[],"warnings":[],"namedChunkGroups":{"app":{"chunks":[11,3],"assets":["webpack-runtime-6631b019c7ccbf6708ea.js","webpack-runtime-6631b019c7ccbf6708ea.js.map","app-8eeac1821786ea2c545f.js","app-8eeac1821786ea2c545f.js.map"],"children":{},"childAssets":{}},"component---node-modules-gatsby-plugin-offline-app-shell-js":{"chunks":[4],"assets":["component---node-modules-gatsby-plugin-offline-app-shell-js-c96fdfe9c675340bc3e5.js","component---node-modules-gatsby-plugin-offline-app-shell-js-c96fdfe9c675340bc3e5.js.map"],"children":{},"childAssets":{}},"component---src-components-blog-post-js":{"chunks":[0,1,2,5],"assets":["0.36758773931b0511fda0.css","0-9d445012c707c3090429.js","0-9d445012c707c3090429.js.map","1-e5195df679879c225734.js","1-e5195df679879c225734.js.map","2-220fa2bd9e39dbda1e94.js","2-220fa2bd9e39dbda1e94.js.map","component---src-components-blog-post-js-43d18fd4cedd9495f0c5.js","component---src-components-blog-post-js-43d18fd4cedd9495f0c5.js.map"],"children":{},"childAssets":{}},"component---src-pages-404-js":{"chunks":[0,6],"assets":["0.36758773931b0511fda0.css","0-9d445012c707c3090429.js","0-9d445012c707c3090429.js.map","component---src-pages-404-js-7e614e035bee57b8d183.js","component---src-pages-404-js-7e614e035bee57b8d183.js.map"],"children":{},"childAssets":{}},"component---src-pages-about-js":{"chunks":[0,1,7],"assets":["0.36758773931b0511fda0.css","0-9d445012c707c3090429.js","0-9d445012c707c3090429.js.map","1-e5195df679879c225734.js","1-e5195df679879c225734.js.map","component---src-pages-about-js-7fbee698a2f3e3a1a3a2.js","component---src-pages-about-js-7fbee698a2f3e3a1a3a2.js.map"],"children":{},"childAssets":{}},"component---src-pages-contact-js":{"chunks":[0,1,8],"assets":["0.36758773931b0511fda0.css","0-9d445012c707c3090429.js","0-9d445012c707c3090429.js.map","1-e5195df679879c225734.js","1-e5195df679879c225734.js.map","component---src-pages-contact-js-6afed5e5db4f121a0995.js","component---src-pages-contact-js-6afed5e5db4f121a0995.js.map"],"children":{},"childAssets":{}},"component---src-pages-index-js":{"chunks":[0,1,2,9],"assets":["0.36758773931b0511fda0.css","0-9d445012c707c3090429.js","0-9d445012c707c3090429.js.map","1-e5195df679879c225734.js","1-e5195df679879c225734.js.map","2-220fa2bd9e39dbda1e94.js","2-220fa2bd9e39dbda1e94.js.map","component---src-pages-index-js-d85820fbb00f9d416f10.js","component---src-pages-index-js-d85820fbb00f9d416f10.js.map"],"children":{},"childAssets":{}}},"assetsByChunkName":{"app":["webpack-runtime-6631b019c7ccbf6708ea.js","app-8eeac1821786ea2c545f.js"],"component---node-modules-gatsby-plugin-offline-app-shell-js":["component---node-modules-gatsby-plugin-offline-app-shell-js-c96fdfe9c675340bc3e5.js"],"component---src-components-blog-post-js":["0.36758773931b0511fda0.css","0-9d445012c707c3090429.js","1-e5195df679879c225734.js","2-220fa2bd9e39dbda1e94.js","component---src-components-blog-post-js-43d18fd4cedd9495f0c5.js"],"component---src-pages-404-js":["0.36758773931b0511fda0.css","0-9d445012c707c3090429.js","component---src-pages-404-js-7e614e035bee57b8d183.js"],"component---src-pages-about-js":["0.36758773931b0511fda0.css","0-9d445012c707c3090429.js","1-e5195df679879c225734.js","component---src-pages-about-js-7fbee698a2f3e3a1a3a2.js"],"component---src-pages-contact-js":["0.36758773931b0511fda0.css","0-9d445012c707c3090429.js","1-e5195df679879c225734.js","component---src-pages-contact-js-6afed5e5db4f121a0995.js"],"component---src-pages-index-js":["0.36758773931b0511fda0.css","0-9d445012c707c3090429.js","1-e5195df679879c225734.js","2-220fa2bd9e39dbda1e94.js","component---src-pages-index-js-d85820fbb00f9d416f10.js"]}}