{"errors":[],"warnings":[],"namedChunkGroups":{"app":{"chunks":[11,3],"assets":["webpack-runtime-559f501c058f5af692cd.js","webpack-runtime-559f501c058f5af692cd.js.map","app-5a68bf39e7a607387096.js","app-5a68bf39e7a607387096.js.map"],"children":{},"childAssets":{}},"component---node-modules-gatsby-plugin-offline-app-shell-js":{"chunks":[4],"assets":["component---node-modules-gatsby-plugin-offline-app-shell-js-c96fdfe9c675340bc3e5.js","component---node-modules-gatsby-plugin-offline-app-shell-js-c96fdfe9c675340bc3e5.js.map"],"children":{},"childAssets":{}},"component---src-components-blog-post-js":{"chunks":[0,1,2,5],"assets":["0.36758773931b0511fda0.css","0-9d445012c707c3090429.js","0-9d445012c707c3090429.js.map","1-e5195df679879c225734.js","1-e5195df679879c225734.js.map","2-220fa2bd9e39dbda1e94.js","2-220fa2bd9e39dbda1e94.js.map","component---src-components-blog-post-js-ab6904adb3e38dec8867.js","component---src-components-blog-post-js-ab6904adb3e38dec8867.js.map"],"children":{},"childAssets":{}},"component---src-pages-404-js":{"chunks":[0,6],"assets":["0.36758773931b0511fda0.css","0-9d445012c707c3090429.js","0-9d445012c707c3090429.js.map","component---src-pages-404-js-2f6bc47ec8c9b7f1c562.js","component---src-pages-404-js-2f6bc47ec8c9b7f1c562.js.map"],"children":{},"childAssets":{}},"component---src-pages-about-js":{"chunks":[0,1,7],"assets":["0.36758773931b0511fda0.css","0-9d445012c707c3090429.js","0-9d445012c707c3090429.js.map","1-e5195df679879c225734.js","1-e5195df679879c225734.js.map","component---src-pages-about-js-ea82231b3ade8e185d20.js","component---src-pages-about-js-ea82231b3ade8e185d20.js.map"],"children":{},"childAssets":{}},"component---src-pages-contact-js":{"chunks":[0,1,8],"assets":["0.36758773931b0511fda0.css","0-9d445012c707c3090429.js","0-9d445012c707c3090429.js.map","1-e5195df679879c225734.js","1-e5195df679879c225734.js.map","component---src-pages-contact-js-c9e601410c5a8248382f.js","component---src-pages-contact-js-c9e601410c5a8248382f.js.map"],"children":{},"childAssets":{}},"component---src-pages-index-js":{"chunks":[0,1,2,9],"assets":["0.36758773931b0511fda0.css","0-9d445012c707c3090429.js","0-9d445012c707c3090429.js.map","1-e5195df679879c225734.js","1-e5195df679879c225734.js.map","2-220fa2bd9e39dbda1e94.js","2-220fa2bd9e39dbda1e94.js.map","component---src-pages-index-js-b1cb9598e0306c653288.js","component---src-pages-index-js-b1cb9598e0306c653288.js.map"],"children":{},"childAssets":{}}},"assetsByChunkName":{"app":["webpack-runtime-559f501c058f5af692cd.js","app-5a68bf39e7a607387096.js"],"component---node-modules-gatsby-plugin-offline-app-shell-js":["component---node-modules-gatsby-plugin-offline-app-shell-js-c96fdfe9c675340bc3e5.js"],"component---src-components-blog-post-js":["0.36758773931b0511fda0.css","0-9d445012c707c3090429.js","1-e5195df679879c225734.js","2-220fa2bd9e39dbda1e94.js","component---src-components-blog-post-js-ab6904adb3e38dec8867.js"],"component---src-pages-404-js":["0.36758773931b0511fda0.css","0-9d445012c707c3090429.js","component---src-pages-404-js-2f6bc47ec8c9b7f1c562.js"],"component---src-pages-about-js":["0.36758773931b0511fda0.css","0-9d445012c707c3090429.js","1-e5195df679879c225734.js","component---src-pages-about-js-ea82231b3ade8e185d20.js"],"component---src-pages-contact-js":["0.36758773931b0511fda0.css","0-9d445012c707c3090429.js","1-e5195df679879c225734.js","component---src-pages-contact-js-c9e601410c5a8248382f.js"],"component---src-pages-index-js":["0.36758773931b0511fda0.css","0-9d445012c707c3090429.js","1-e5195df679879c225734.js","2-220fa2bd9e39dbda1e94.js","component---src-pages-index-js-b1cb9598e0306c653288.js"]}}